region_name,chromosome,region_start,region_end,significant_marker,marker_number,pve
B1,1,6215878,6215878,1__6215878,1,0.057577349
B2,1,7072630,7085061,1__7085061,2,0.061161798
B3,2,4326566,4326566,2__4326566,1,0.061358753
B4,3,5336131,5336131,3__5336131,1,0.058957448
B5,3,10984780,10984780,3__10984780,1,0.06365185
B6,5,3383716,3383716,5__3383716,1,0.057725885
B7,5,10486946,10486947,5__10486947,2,0.071794341
B8,5,11632691,11632691,5__11632691,1,0.059397323
B9,5,11688349,11688349,5__11688349,1,0.05845695
B10,5,11800584,11800584,5__11800584,1,0.059947948
B11,5,11838995,11838995,5__11838995,1,0.060277386
B12,5,12057369,12057369,5__12057369,1,0.060309299
B13,5,15097679,15097679,5__15097679,1,0.059022325
B14,7,24094299,24094299,7__24094299,1,0.057201399
B15,9,2471518,2471518,9__2471518,1,0.057520763
B16,9,23464586,23464586,9__23464586,1,0.058893899
B17,12,16880863,16880863,12__16880863,1,0.060087385
B18,12,19044874,19044882,12__19044874,3,0.063104049
B19,12,19193680,19193680,12__19193680,1,0.061323298
B20,13,19088940,19088940,13__19088940,1,0.070941686
B21,15,13852232,13854473,15__13854473,2,0.069624844
B22,15,17583207,17583207,15__17583207,1,0.057169826
B23,15,19025588,19025588,15__19025588,1,0.073511126
B24,16,6714717,6714717,16__6714717,1,0.063356168
B25,16,6740526,6749217,16__6740526,2,0.065376771
B26,16,8313004,8363565,16__8337656,6,0.065004223
B27,16,26734387,26734387,16__26734387,1,0.059193238
B28,16,26941200,26950465,16__26950400,5,0.077163192
B29,18,11267451,11267451,18__11267451,1,0.057526982
B30,18,18854294,18854298,18__18854294,2,0.064400813
B31,18,23770517,23770549,18__23770549,2,0.062636854
B32,19,20208670,20208670,19__20208670,1,0.057639252
B33,19,26634049,26634049,19__26634049,1,0.06412175
