region_name,chromosome,region_start,region_end,significant_marker,marker_number,pve
C1,1,7205826,7207198,1__7205876,4,0.085469257
C2,1,7265000,7265000,1__7265000,1,0.060205532
C3,1,7438060,7438060,1__7438060,1,0.05763055
C4,1,8400760,8400760,1__8400760,1,0.059570257
C5,2,3322879,3322879,2__3322879,1,0.066742163
C6,2,3368525,3368525,2__3368525,1,0.058038148
C7,2,3732244,3732244,2__3732244,1,0.058746698
C8,2,4134797,4134797,2__4134797,1,0.058580247
C9,2,4299287,4299287,2__4299287,1,0.064537353
C10,2,4483015,4483015,2__4483015,1,0.061954948
C11,2,4753428,4753428,2__4753428,1,0.062203978
C12,3,5336253,5336253,3__5336253,1,0.06615323
C13,3,10984780,10984824,3__10984780,2,0.073010777
C14,4,7623664,7623664,4__7623664,1,0.059566553
C15,5,15120052,15120052,5__15120052,1,0.060402071
C16,6,17089795,17089795,6__17089795,1,0.059961071
C17,6,17306466,17306466,6__17306466,1,0.062223065
C18,7,567554,567554,7__567554,1,0.057429096
C19,7,21370441,21370441,7__21370441,1,0.060922819
C20,7,21673810,21673810,7__21673810,1,0.057804315
C21,8,17616186,17616186,8__17616186,1,0.058890614
C22,8,17668179,17668179,8__17668179,1,0.059576776
C23,9,23235754,23235754,9__23235754,1,0.057294833
C24,9,24269754,24269754,9__24269754,1,0.059390145
C25,12,7799955,7799955,12__7799955,1,0.05729557
C26,12,9025204,9025204,12__9025204,1,0.059274675
C27,13,19088940,19088940,13__19088940,1,0.08495708
C28,15,13854473,13854473,15__13854473,1,0.057393908
C29,15,19025588,19025588,15__19025588,1,0.074618265
C30,15,22509825,22509825,15__22509825,1,0.058419022
C31,16,26883188,26883188,16__26883188,1,0.057642726
C32,16,26914866,26928314,16__26926513,12,0.066389125
C33,16,26950326,26950360,16__26950360,2,0.064469766
C34,18,12766119,12766119,18__12766119,1,0.059720297
C35,18,13212556,13212556,18__13212556,1,0.06317863
C36,18,23770549,23770549,18__23770549,1,0.06317863
